abstract_deadline,note,hindex,start,link,date,data,timezone,full_name,place,deadline,end,Note,id,title,pwclink,paperslink,sub,year
,All submissions must be done through ARR. More info <a href='https://2025.naacl.org/calls/papers/'>here</a>.,132,2025-04-29,https://2025.naacl.org,"April 29- May 4, 2024",,UTC-12,,"Albuquerque, New Mexico, USA",2024-10-15 23:59:59,2025-05-04,,naacl25,NAACL,,,NLP,2025
2024-09-27 23:59:59,"Mandatory abstract deadline on September 27, 2024. More info <a href='https://iclr.cc/Conferences/2025/CallForPapers'>here</a>.",304,2025-04-24,https://iclr.cc/Conferences/2025/CallForPapers,"Apr 24-28, 2025",,UTC-12,,Singapore,2024-10-01 23:59:59,2025-04-28,,iclr25,ICLR,,,"['ML', 'AP', 'RO', 'CV', 'NLP', 'SP']",2025
2024-09-04 23:59,"Abstract deadline on Sep 04, 2024. More info <a href='https://logconference.org'>here</a>.",,2024-11-26,https://logconference.org,"November 26 - November 29, 2024",,UTC-12,Learning on Graphs Conference,"Virtual, free to attend",2024-09-11 23:59,2024-11-29,,log24,LoG,,,"['ML', 'DM', 'KR']",2024
2024-10-02 23:59:59,"Abstract deadline on Oct 2, 2024. More info <a href='https://ecir2025.eu/'>here</a>.",,2025-04-06,https://ecir2025.eu/,"April 6 - April 10, 2025",,UTC-12,European Conference on Information Retrieval,"Lucca, Tuscany, Italy",2024-10-09 23:59:59,2025-04-10,,ecir25,ECIR,,,DM,2025
,"This is the second round of submissions. Summplementary material deadline on Sep 11, 2024. More info <a href='https://wacv2025.thecvf.com/'>here</a>.",109,2025-2-28,https://wacv2025.thecvf.com/,"Feb 28 – Mar 4, 2025",,UTC-7,IEEE/CVF Winter Conference on Applications of Computer Vision,"Tucson, Arizona",2024-09-09 23:59:59,2025-3-4,,wacv25_2,WACV,,,"['ML', 'CV']",2025
2024-10-09 23:59:59,"Mandatory abstract deadline on Oct 09, 2024. More info <a href='https://aamas2025.org/'>here</a>.",,2025-05-19,https://aamas2025.org/,"May 19 - May 23, 2025",,UTC-12,,"Detroit, Michigan, USA",2024-10-16 23:59:59,2025-05-23,,aamas25,AAMAS,,,"['KR', 'ML', 'RO', 'AP']",2025
2024-09-05 23:59:59,"Mandatory abstract deadline on Sep 05, 2024. More info <a href='https://chi2025.acm.org/for-authors/papers/'>here</a>.",122,2025-04-26,https://chi2025.acm.org/,"April 26 - May 01, 2025",,UTC-12,The ACM Conference on Human Factors in Computing Systems,"Yokohama, Japan",2024-09-12 23:59:59,2025-05-01,,chi25,CHI,,,HCI,2025
,"More info can be found <a href=""https://coling2025.org/calls/main_conference_papers/#important-dates"">here</a>.",73,2025-01-19,https://coling2025.org/,"January 19-24, 2025",,UTC-12,The 31st International Conference on Computational Linguistics,"Abu Dhabi, UAE",2024-09-16 23:59:59,2025-01-24,,coling25,COLING,,,NLP,2025
,"Abstract deadline on August 7, 2024",,2025-03-10,https://www.wsdm-conference.org/2025/,"March 10-14, 2025",,UTC-12,ACM International Conference on Web Search and Data Mining,"Hannover, Germany",2024-08-14 23:59:00,2025-03-14,,wsdm25,WSDM,,,DM,2025
,,14,2024-11-13,https://www.iberamia.org/iberamia/iberamia2024/,"November 13-15, 2024",,UTC-12,18th Ibero-American Conference on Artificial Intelligence,"Montevideo, Uruguay",2024-06-09 23:59:59,2024-11-15,,iberamia24,Iberamia,,,"['ML', 'NLP', 'CV']",2024
2024-05-29 19:59:59,"Mandatory abstract deadline on May 29, 2024, and supplementary material deadline on June 12, 2024. More info <a href='https://nips.cc/Conferences/2024/CallForDatasetsBenchmarks'>here</a>.",309,2024-12-09,https://nips.cc/Conferences/2024/CallForDatasetsBenchmarks,"December 9 - December 15, 2024",,UTC,Conference on Neural Information Processing Systems - Dataset and Benchmarks Track,"Vancouver, Canada",2024-06-05 19:59:59,2024-12-15,,neurips24DBT,NeurIPS [Dataset and Benchmarks Track],,,"['DM', 'ML', 'NLP', 'SP', 'CV']",2024
,,119,2025-05-19,https://2025.ieee-icra.org,"May 19 - May 23, 2025",,America/Los_Angeles,,"Atlanta, USA",2024-09-15 23:59:59,2025-05-23,,icra25,ICRA,,,RO,2025
,,,2025-2-28,https://wacv2025.thecvf.com/,"Feb 28 – Mar 4, 2025",,America/Los_Angeles,IEEE/CVF Winter Conference on Applications of Computer Vision,"Tucson, Arizona",2024-07-14 23:59:59,2025-3-4,,wacv25,WACV,,,"['ML', 'CV']",2025
2024-08-07 23:59:59,"Mandatory abstract deadline on Aug 07, 2024, and supplementary material deadline on Aug 19, 2024. More info <a href='https://aaai.org/conference/aaai/aaai-25/'>here</a>.",212,2025-02-25,https://aaai.org/conference/aaai/aaai-25/,"February 25 - March 04, 2025",,UTC-12,AAAI Conference on Artificial Intelligence,"Philadelphia, USA",2024-08-15 23:59:59,2025-03-04,,aaai25,AAAI,,,"['DM', 'KR', 'ML', 'RO', 'NLP', 'SP', 'CV', 'CG', 'HCI', 'AP']",2025
2024-04-26 23:59:59,"Mandatory abstract deadline on April 26, 2024",,2024-11-25,https://bmvc2024.org/,"November 25 - November 28, 2024",,GMT,The British Machine Vision Conference,"Glasgow, UK",2024-05-10 23:59:59,2024-11-28,,bmvc24,BMVC,,,ML,2024
,,,2025-04-6,https://2025.ieeeicassp.org/,"April 6-11, 2025",,UTC-12,,"Hyderabad, India",2024-09-09 23:59:59,2025-04-11,,icassp25,ICASSP,,,SP,2025
,,,2024-08-20,https://kil-workshop.github.io/,"August 25, 2024",,UTC-12,KDD Workshop on Knowledge-infused Learning,"Barcelona, Spain",2024-05-25 23:59:59,2024-08-25,More info <a href='https://kil-workshop.github.io/'>here</a>,kil24,KIL,,,"['NLP', 'ML', 'DM']",2024
2024-04-05 23:59:59,"Mandatory abstract deadline on April 5th, 2024. More info <a href='https://ismir2024.ismir.net/authors/call-for-papers/'>here</a>.",43,2024-11-10,https://ismir2024.ismir.net/,"November 10-14, 2024",,UTC-12,,"San Francisco, California, USA",2024-04-12 23:59:59,2024-11-14,,ismir24,ISMIR,,,SP,2024
,Best papers will be selected for special issues on AI and space in IAA Acta Astronautica and Springer Astrodynamics. More info <a href='https://spaice.esa.int/call-for-papers/'>here</a>.,,2024-09-17,https://spaice.esa.int/,"September 17-19, 2024",,UTC+2,1st ESA Conference on AI in and for Space,"ECSAT, Harwell, United Kingdom",2024-05-19 23:59:59,2024-09-19,,spaice24,SPAICE,,,ML,2024
,More info <a href='https://2024.emnlp.org/calls/main_conference_papers/'>here</a>.,,2024-11-12,https://2024.emnlp.org/,"November 12-16, 2024",,UTC-12,,"Miami, Florida, USA",2024-06-15 23:59:00,2024-11-16,,emnlp24,EMNLP,,,NLP,2024
2024-05-13 23:59:59,"Mandatory abstract deadline on May 13, 2024. More info <a href='https://cikm2024.org/call-for-papers/'>here</a>.",,2024-10-21,https://cikm2024.org/,,"October 21 - October 25, 2024",UTC-12,,"Boise, Idaho, USA",2024-05-20 23:59:59,2024-10-25,,CIKM24,CIKM,,,"['DM', 'KR']",2024
,,,,https://asia.siggraph.org/2024/,"December, 3-6, 2024",,UTC-12,SIGGRAPH ASIA 2024,"Tokyo, Japan",2024-05-19 23:59,,,siggraphasia24,SIGGRAPH Asia,,,CG,2024
2024-05-15 19:59:59,"Mandatory abstract deadline on May 15, 2024",309,2024-12-09,https://nips.cc/Conferences/2024,"December 9 - December 15, 2024",,UTC,Conference on Neural Information Processing Systems,"Vancouver, Canada",2024-05-22 19:59:59,2024-12-15,,neurips24,NeurIPS,https://paperswithcode.com/conference/neurips-2024-12,https://proceedings.neurips.cc/,ML,2024
,,45,2024-09-09,https://2024.ecmlpkdd.org/,"September 9-13, 2024",,UTC-12,,Vilnius (Lithuania),2024-07-22 23:59:59,2024-09-13,,ecmlpkdd2024,ECML PKDD,,https://ecmlpkdd.org/2024/program-at-a-glance/,ML,2024
,"Co-located with ICML 2024. Submission deadlines are March 29 (proceedings and workshop track) and May 10 (fast track). More info <a href=""http://approximateinference.org/call/index.html"">here</a>",,2024-07-21,http://approximateinference.org/,"July 21, 2024",,UTC-12,Advances in Approximate Bayesian Inference,"Vienna, Austria",2024-03-29 23:59:00,2024-07-21,,aabi24,AABI,,,ML,2024
,,,2024-11-06,https://corl.org,"November 06-09, 2024",,UTC-12,,"Munich, Germany",2024-06-06 23:59:00,2024-11-09,,corl24,CoRL,,,RO,2024
2024-04-12 23:59:59,"Mandatory abstract deadline on April 8, 2024. More info <a href='https://2024.acmmm.org/regular-papers'>here</a>.",,2024-10-28,https://2024.acmmm.org/,"October 28 - November 1, 2024",,UTC-12,,"Melbourne, Australia",2024-04-08 23:59:59,2024-11-01,,mm24,MM,,,CV,2024
,"All submissions should be done through ARR. More info <a href=""https://www.aclweb.org/portal/sites/default/files/Submission%20Dates%20and%20Process%20for%20EACL_NAACL%20and%20ACL%202024-2.pdf"">here</a>.",192,2024-08-11,https://2024.aclweb.org/,"August 11-16, 2024",,UTC-12,,"Bangkok, Thailand",2024-02-15 23:59:00,2024-08-16,,acl24,ACL,,,NLP,2024
,,80,2024-10-14,https://iros2024-abudhabi.org/,"October 14-18, 2024",,America/Los_Angeles,,"Abu Dhabi, UAE",2024-03-01 23:59:59,2024-10-18,,iros24,IROS,,,RO,2024
2024-04-24 23:59:59,"Mandatory abstract deadline on April 24, 2024. More info <a href='https://kr.org/KR2024/'>here</a>.",-1,2024-11-02,https://kr.org/KR2024/,"Nov 02-08, 2024",,UTC-12,,"Hanoi, Vietnam",2024-05-01 23:59:59,2024-11-08,,kr24,KR,,,KR,2024
,More info <a href='https://clinicalfoundationmodels.github.io/'>here</a>.,,2024-03-25,https://clinicalfoundationmodels.github.io/,"March, 25-27, 2024",,UTC-12,AAAI 2024 Spring Symposium on Clinical Foundation Models,"Stanford, USA",2024-01-26 23:59:59,2024-03-27,,aaaisss24cfm,AAAI 2024 Spring Symposium on Clinical Foundation Models,,,ML,2024
,,-1,2024-03-25,https://aair-lab.github.io/aia2024/,"March 25-27, 2024",,UTC-12,,"Stanford, USA",2023-12-22 23:59:59,2024-03-27,,aia24,AAAI 2024 Spring Symposium on User-Aligned Assessment of Adaptive AI Systems,,,ML,2024
2024-01-23 22:00:00,"Mandatory abstract deadline on Jan 23, 2024. More info <a href='https://s2024.siggraph.org/program/technical-papers/'>here</a>.",,2024-07-28,https://s2024.siggraph.org/,"July 28 - August 1, 2024",,GMT,,"Denver, USA",2024-01-24 22:00:00,2024-08-01,,siggraph24,SIGGRAPH,,,CG,2024
,,,2024-07-15,https://www.auai.org/uai2024/,"July 15-19, 2024",,UTC-12,,"Barcelona, Spain",2024-02-09 23:59:59,2024-07-19,,uai24,UAI,,,ML,2024
2024-02-09 23:59:59,,,2024-07-29,https://lifelong-ml.cc,"July 29 - August 01, 2024",,UTC-12,,"Pisa, Italy",2024-02-15 23:59:59,2024-08-01,,collas24,CoLLAs,,,ML,2024
2024-04-19 23:59:59,"Mandatory abstract deadline on April 19, 2024. More info <a href='https://www.ecai2024.eu/calls/main-track'>here</a>.",,2024-10-19,https://www.ecai2024.eu/,"October 19-24, 2024",,UTC-12,,"Santiago de Compostela, Spain",2024-04-25 23:59:59,2024-10-24,,ecai24,ECAI,,,ML,2024
2024-03-01 23:59:59,,,2024-08-09,https://rl-conference.cc/,"August 09-12, 2024",,UTC-12,,"Amherst, Massachusetts, USA",2024-03-08 23:59:59,2024-08-12,,rlc24,RLC,,,ML,2024
2024-02-01 23:59:59,,,2024-08-25,https://kdd2024.kdd.org/,"August 25-29, 2024",,UTC-12,,"Barcelona, Spain",2024-02-08 23:59:59,2024-08-29,,kdd24,KDD,,,DM,2024
,"Optional supplementary material deadline on February 08, 2024. More info <a href='https://roboticsconference.org/2024'>here</a>.",61,2024-07-15,https://roboticsconference.org/2024,"July 15-19, 2024",,UTC-12,,"Delft, Netherlands",2024-02-02 23:59:59,2024-07-19,,rss24,RSS,,,RO,2024
,,254,2024-07-21,https://icml.cc/Conferences/2024,"July 21-27, 2024",,UTC-12,,"Vienna, Austria",2024-02-01 23:59:59,2024-07-27,,icml24,ICML,,,ML,2024
,More info <a href='https://conferences.miccai.org/2024/'>here</a>.,78,2024-10-06,https://conferences.miccai.org/2024/en/,"October 6 - October 10, 2024",,America/Los_Angeles,,"Marrakech, Morocco",2024-03-07 23:59:59,2024-10-10,,miccai2024,MICCAI,,,CV,2024
2024-01-18 23:59:00,"Mandatory abstract deadline on January 18, 2024. More info <a href='https://sigir-2024.github.io/call_for_papers.html'>here</a>.",66,2024-07-14,https://sigir-2024.github.io,"July 14-18, 2024",,UTC-12,,"Washington D.C., USA",2024-01-25 23:59:00,2024-07-18,,sigir24,SIGIR,,,DM,2024
2024-03-22 23:59:59,"Mandatory abstract deadline on March 22, 2024. More info <a href='https://colmweb.org/cfp.html'>here</a>.",,2024-10-07,https://colmweb.org/,"October 7-9, 2024",,UTC-12,1st Conference on Language Modeling,"Philadelphia, USA",2024-03-29 23:59:59,2024-10-09,,colm24,COLM,,,"['NLP', 'ML']",2024
2024-01-10 23:59:59,"Mandatory abstract deadline on January 10, 2024 and optional supplementary material deadline on January 24, 2024. More info <a href='https://ijcai24.org/'>here</a>.",133,2024-08-03,https://ijcai24.org/,"August 03-09, 2024",,UTC-12,International Joint Conference on Artificial Intelligence,"Jeju, South Korea",2024-01-17 23:59:59,2024-08-09,,ijcai24,IJCAI,,,ML,2024
,Please check the website for the latest updates.,,2024-06-27,https://www.chilconference.org/index.html,"June, 27-28, 2024",,UTC-12,"Conference on Health, Inference, and Learning","New York, New York",2024-02-16 23:59:59,2024-06-28,,CHIL24,CHIL,,,ML,2024
2023-10-04 23:59:59,Check the website for exact conference dates.,,2024-04-01,https://satml.org/,April 2024,,UTC-12,IEEE Conference on Secure and Trustworthy Machine Learning,"Toronto, Canada",2023-10-11 23:59:59,2024-04-01,,satml24,SaTML,,,ML,2024
2024-02-29 12:59:00,More info <a href='https://eccv2024.ecva.net/'>here</a>.,238,2024-09-29,https://eccv2024.ecva.net/,"September 29 - October 04, 2024",,UTC-8,,"Milano, Italy",2024-03-07 12:59:00,2024-10-04,,eccv24,ECCV,,,CV,2024
,,,2024-04-01,https://www.cclear.cc/2024,"April 1 - April 03, 2024",,UTC-12,,"Los Angeles, USA",2023-10-27 23:59:59,2024-04-03,,clear24,CLeaR,,,ML,2024
,Soliciting both regular papers and work-in-progress papers. More info <a href='http://icprai2024.org/'>here</a>.,,2024-06-18,http://icprai2024.org/,"Jun 18-21, 2024",,UTC+9,International Conference on Pattern Recognition and Artificial Intelligence,"Jeju Island, South Korea",2024-01-05 23:59:59,2024-06-21,,icprai24,ICPRAI,,,ML,2024
2023-12-07 23:59:59,"Mandatory abstract deadline on December 07, 2023. More info <a href='https://icaps24.icaps-conference.org/'>here</a>.",32,2024-06-01,https://icaps24.icaps-conference.org/,"Jun 01-06, 2024",,UTC-12,,"Banff, Canada",2023-12-13 23:59:59,2024-06-06,,icaps24,ICAPS,,,AP,2024
,All submissions must be done through ARR. More info <a href='https://2024.naacl.org/calls/papers/'>here</a>.,133,2024-06-16,https://2024.naacl.org,"June 16-21, 2024",,UTC-12,,"Mexico City, Mexico",2023-12-15 23:59:59,2024-06-21,,naacl24,NAACL,,,NLP,2024
,This is the January cycle.,31,2024-11-09,https://cscw.acm.org/2024/,"November 9-13, 2024",,UTC-12,,"San José, Costa Rica",2024-01-16 23:59:59,2024-11-13,,cscw24_january,CSCW,,,HCI,2024
,"Mandatory abstract deadline on Oct 2, 2023. More info <a href='https://iui.acm.org/2024/call_for_papers.html'>here</a>.",47,2024-03-18,https://iui.acm.org/2024/,"March 18-21, 2024",,UTC-12,,"Greenville, South Carolina, USA",2023-10-09 23:59:59,2024-03-21,,iui24,IUI,,,HCI,2024
,"Mandatory abstract deadline on Oct 6, 2023. More info <a href='https://aistats.org/aistats2024/dates.html'>here</a>.",91,2024-05-02,https://www.aistats.org/aistats2024/,"May 02-04, 2024",,UTC-12,,"Valencia, Spain",2023-10-16 23:59:59,2024-05-04,,aistats24,AISTATS,,,ML,2024
,,123,2024-04-14,https://2024.ieeeicassp.org/,"April 14-19, 2024",,UTC-12,,"Seoul, Korea",2023-09-06 23:59:59,2024-04-19,,icassp24,ICASSP,,,SP,2024
,,55,2024-03-11,https://humanrobotinteraction.org/2024/,"March 11-14, 2024",,UTC-12,,"Boulder, Colorado, USA",2023-09-29 23:59:59,2024-03-14,,hri24,HRI,,,RO,2024
,This is the Round 2 submission. Paper Registration is on August 23rd 2023. More info <a href='https://wacv2024.thecvf.com/submissions/'>here</a>.,76,2024-01-03,https://wacv2024.thecvf.com,"January 3-7, 2024",,America/Los_Angeles,IEEE/CVF Winter Conference on Applications of Computer Vision,"Waikoloa, Hawaii, USA",2023-08-30 11:59:59,2024-01-07,,wacv24,WACV,,,CV,2024
,"Submission via ACL Rolling Review, commitment date 2023-12-20",38,2024-03-17,https://2024.eacl.org/,"March 17-22, 2024",,UTC-12,The 18th Conference of the European Chapter of the Association for Computational Linguistics,"St. Julians, Malta",2023-10-15 23:59:59,2024-03-22,,eacl24,EACL,,,NLP,2024
,,,2024-03-18,https://3dvconf.github.io/2024/,"March 18-21, 2024",,America/Los_Angeles,,"Davos, Switzerland",2023-08-07 23:59:59,2024-03-21,,threedv24,3DV,,,CV,2024
2023-09-23 23:59:59,"Mandatory abstract deadline on September 23, 2023. More info <a href='https://iclr.cc/Conferences/2024/CallForPapers'>here</a>.",286,2024-05-07,https://iclr.cc/Conferences/2024,"May 07-11, 2024",,UTC-12,,"Vienna, Austria",2023-09-28 23:59:59,2024-05-11,,iclr24,ICLR,,,ML,2024
2023-11-03 23:59:59,"Mandatory paper registration deadline on November 03, 2023 and optional supplementary material deadline on November 26, 2023. More info <a href='https://cvpr.thecvf.com/Conferences/2024'>here</a>.",389,2024-06-17,https://cvpr.thecvf.com/Conferences/2024,"June 17-21, 2024",,America/Los_Angeles,,"Seattle, Washington, USA",2023-11-17 23:59:59,2024-06-21,,cvpr24,CVPR,,,CV,2024
,,116,2024-05-13,http://2024.ieee-icra.org/,"May 13 - May 17, 2024",,America/Los_Angeles,,"Yokohama, Japan",2023-09-15 23:59:59,2024-05-17,,icra24,ICRA,,,RO,2024
,Co-located with EMNLP 2023,44,2023-12-06,https://conll.org/,"December 6-7, 2023",,UTC-12,,Singapore,2023-06-30 23:59:59,2023-12-07,,conll23,CoNLL,,,NLP,2023
2023-10-02 23:59:59,"Mandatory abstract deadline on Oct 02, 2023. More info <a href='https://www.aamas2024-conference.auckland.ac.nz/calls/call-for-papers/'>here</a>.",,2024-05-06,https://www.aamas2024-conference.auckland.ac.nz/,"May 06 - May 10, 2024",,UTC-12,,"Auckland, New Zealand",2023-10-09 23:59:59,2024-05-10,,aamas24,AAMAS,,,ML,2024
2023-08-08 23:59:59,"Mandatory abstract deadline on Aug 08, 2023, and supplementary material deadline on Aug 18, 2023. More info <a href='https://aaai.org/aaai-conference/'>here</a>.",180,2024-02-20,https://aaai.org/aaai-conference/,"February 20 - February 28, 2024",,UTC-12,AAAI Conference on Artificial Intelligence,"Vancouver, Canada",2023-08-15 23:59:59,2024-02-28,,aaai24,AAAI,,,ML,2024
2023-09-20 23:59:59,"Abstract deadline on Sep 20, 2023. More info <a href='https://www.ecir2024.org/'>here</a>.",31,2024-03-24,https://www.ecir2024.org/,"March 24-28, 2024",,UTC-12,European Conference on Information Retrieval,"Glasgow, Scotland",2023-09-27 23:59:59,2024-03-28,,ecir24,ECIR,,,DM,2024
2023-09-07 23:59:59,"Mandatory abstract deadline on Sep 07, 2023, and paper deadline on Sep 14, 2023. More info <a href='https://chi2024.acm.org/'>here</a>.",180,2024-05-11,https://chi2024.acm.org/,"May 11 - May 16, 2024",,UTC-12,AAAI Conference on Artificial Intelligence,"Hawaii, EEUU",2023-09-14 23:59:59,2024-05-16,,chi24,CHI,,,HCI,2024
,"Workshop / Tutorial proposals are also due on October 13th, more info <a href=""https://lrec-coling-2024.lrec-conf.org/1stCfP-LRECCOLING2024.html"">here</a>.",-1,2024-05-20,https://lrec-coling-2024.org,"May 20 - May 25, 2024",,UTC-12,"The 2024 Joint International Conference on Computational Linguistics, Language Resources and Evaluation","Torino, Italy",2023-10-20 23:59:59,2024-05-25,,lreccoling24,LREC-COLING,,,NLP,2024
,"ARR commitment deadline is <b>August 15</b>, 2023. More info <a href='http://www.ijcnlp-aacl2023.org/'>here</a>.",37,2023-11-01,http://www.ijcnlp-aacl2023.org/,"November 1-4, 2023",,UTC-12,,"Bali, Indonesia",2023-05-23 23:59:00,2023-11-04,,aacl23,IJCNLP-AACL,,,NLP,2023
2023-04-14 23:59:59,"Mandatory abstract deadline on April 14, 2023.",,,https://recsys.acm.org/recsys23/,"September 18 - September 22, 2023",,UTC-12,,Singapore,2023-04-21 23:59:59,,,recsys23,RecSys,,,DM,2023
,,,2023-11-11,https://www.acml-conf.org/2023,"November 11-14, 2023",,UTC-12,,"Istanbul, Türkiye",2023-06-23 23:59:00,2023-11-14,,acml23,ACML,,,ML,2023
2023-06-26 23:59:00,"Mandatory abstract deadline on June 26, 2023. More info <a href='http://www.sigir-ap.org/sigir-ap-2023/call-for-papers/'>here</a>.",,2023-11-26,http://www.sigir-ap.org/sigir-ap-2023/,"November 26-29, 2023",,UTC-12,1st International ACM SIGIR Conference on Information Retrieval in the Asia Pacific,"Beijing, China",2023-07-03 23:59:00,2023-11-29,,sigirap23,SIGIR-AP,,,DM,2023
2023-06-16 23:59:00,"Mandatory abstract deadline on June 16, 2023. Hybrid format with ARR and OpenReview. More info <a href='https://2023.emnlp.org/calls/papers/Overview'>here</a>.",,2023-12-06,https://2023.emnlp.org/,"December 6-10, 2023",,UTC-12,,Singapore,2023-06-23 23:59:00,2023-12-10,,emnlp23,EMNLP,,,NLP,2023
,Co-located with ACL 2023,,,https://sites.google.com/view/starsem2023,"July, 13-14, 2023",,UTC-12,*SEM 2023,"Toronto, Canada",2023-03-24 23:59,,,starsem23,*SEM,,,NLP,2023
,,,,https://asia.siggraph.org/2023/,"December, 12-15, 2023",,UTC-12,SIGGRAPH ASIA 2023,"Sydney, Australia",2023-05-16 23:59,,,siggraphasia23,SIGGRAPH Asia,,,CG,2023
,,,2023-11-06,https://corl2023.org,"November 06-09, 2023",,UTC-12,,"Atlanta, Georgia, USA",2023-06-08 23:59:00,2023-11-09,,corl23,CoRL,,,RO,2023
2023-05-02 23:59:59,"Mandatory abstract deadline on May 02, 2023. More info <a href='https://ecai2023.eu/ECAI2023'>here</a>.",,2023-09-30,https://ecai2023.eu/,"September 30 - October 05, 2023",,UTC-12,,"Kraków, Poland",2023-05-08 23:59:59,2023-10-05,,ecai23,ECAI,,,ML,2023
2023-04-23 23:59:59,"Mandatory abstract deadline on April 23, 2023. More info <a href='https://www.acmmm2023.org/cfp/'>here</a>.",,2023-10-29,https://www.acmmm2023.org/,"October 29 - November 03, 2023",,UTC-12,,"Ottawa, Canada",2023-04-30 23:59:59,2023-11-03,,mm23,MM,,,CV,2023
,,,2023-08-28,http://ro-man2023.org/main,"August 28-31, 2023",,UTC-12,,"Busan, South Korea",2023-03-31 23:59:59,2023-08-31,,ro-man23,RO-MAN,,,RO,2023
2023-05-11 20:00:00,"Mandatory abstract deadline on May 11, 2023",278,2023-12-10,https://neurips.cc/Conferences/2023/,"December 10 - December 16, 2023",,UTC,,"New Orleans, Louisiana, USA",2023-05-17 20:00:00,2023-12-16,,neurips23,NeurIPS,,,ML,2023
2023-03-16 23:59:59,"Mandatory abstract deadline on March 16, 2023",0,2023-09-12,https://2023.automl.cc,"September 12-15, 2023",,UTC-12,,"Potsdam/Berlin, Germany",2023-03-23 23:59:59,2023-09-15,,automl-conf23,AutoML-Conf,,,ML,2023
2023-03-09 23:59:59,,,2023-08-22,https://lifelong-ml.cc,"August 22-25, 2023",,UTC-12,,"Montreal, Canada",2023-03-13 23:59:59,2023-08-25,,collas23,CoLLAs,,,ML,2023
,,,2023-07-31,https://www.auai.org/uai2023/,"July 31 - August 04, 2023",,UTC-12,,"Pittsburgh, USA",2023-02-17 23:59:59,2023-08-04,,uai23,UAI,,,ML,2023
,,58,2023-07-10,https://roboticsconference.org/2023,"July 10-14, 2023",,UTC-12,,"Daegu, South Korea",2023-02-03 23:59:59,2023-07-14,,rss23,RSS,,,RO,2023
,"Mandatory abstract deadline on Jan 11, 2023, and supplementary material deadline on Jan 23, 2023. More info <a href='https://ijcai-23.org/'>here</a>.",120,2023-08-19,https://ijcai-23.org/,"August 19-25, 2023",,UTC-12,,"Macao, S.A.R.",2023-01-18 23:59:59,2023-08-25,,ijcai23,IJCAI,,,ML,2023
,,204,2023-07-23,https://icml.cc/Conferences/2023,"July 23-29, 2023",,America/Los_Angeles,,"Hawai'i, USA",2023-01-26 11:59:00,2023-07-29,,icml23,ICML,,,ML,2023
2023-01-24 23:59:00,"Mandatory abstract deadline on January 24, 2023. More info <a href='https://sigir.org/sigir2023/call-for-full-papers/'>here</a>.",66,2023-07-23,https://sigir.org/sigir2023/,"July 23-27, 2023",,UTC-12,,"Taipei, Taiwan",2023-01-31 23:59:00,2023-07-27,,sigir23,SIGIR,,,DM,2023
,,80,2023-10-01,https://ieee-iros.org/,"October 01-05, 2023",,America/Los_Angeles,,"Detroit, USA",2023-03-01 23:59:59,2023-10-05,,iros23,IROS,,,RO,2023
2023-03-03 23:59:59,"Mandatory abstract deadline on March 03, 2023. More info <a href='https://kr.org/KR2023/'>here</a>.",-1,2023-09-02,https://kr.org/KR2023/,"Sep 02-08, 2023",,UTC-12,,"Rhodes, Greece",2023-03-14 23:59:59,2023-09-08,,kr23,KR,,,KR,2023
2022-11-25 23:59:59,"Mandatory abstract deadline on November 25, 2022. More info <a href='https://icaps23.icaps-conference.org/'>here</a>.",27,2023-07-08,https://icaps23.icaps-conference.org/,"Jul 08-13, 2023",,UTC-12,,"Prague, Czech Republic",2022-11-30 23:59:59,2023-07-13,,icaps23,ICAPS,,,AP,2023
2023-01-13 23:59:00,"Hybrid format with ARR and START. Above deadlines are for START while abstract deadline is 13 January 2023. Submission to ARR should before 15 December 2022. More info <a href=""https://2023.aclweb.org/calls/main_conference/"">here</a>.",169,2023-07-09,https://2023.aclweb.org/,"July 9-14, 2023",,UTC-12,,"Toronto, Canada",2023-01-20 23:59:00,2023-07-14,,acl23,ACL,,,NLP,2023
2022-10-13 23:59:00,"Hybrid format with ARR and START. Above deadlines are for START. More info <a href=""https://2023.eacl.org/calls/papers/"">here</a>.",62,2023-05-02,https://2023.eacl.org/,"May 02-06, 2023",,UTC-12,,"Hybrid (Dubrovnik, Croatia)",2022-10-20 23:59:00,2023-05-06,,eacl23,EACL,,,NLP,2023
,,29,2023-05-25,https://pakdd2023.org,"May 25-28, 2023",,UTC-8,,"Osaka, Japan",2022-12-07 23:59:59,2023-05-28,,pakdd23,PAKDD,,,DM,2023
,"Mandatory abstract deadline on Oct 6, 2022. More info <a href='https://aistats.org/aistats2023/call-for-papers.html'>here</a>.",85,2023-04-25,https://www.aistats.org/aistats2023/,"April 25-27, 2023",,UTC-12,,"Valencia, Spain",2022-10-13 23:59:59,2023-04-27,,aistats23,AISTATS,,,ML,2023
2022-09-21 23:59:59,"Mandatory abstract deadline on September 21, 2022. More info <a href='https://iclr.cc/Conferences/2023/CallForPapers'>here</a>.",286,2023-05-01,https://iclr.cc/Conferences/2023,"May 01-05, 2023",,UTC-12,,"Kigali, Rwanda",2022-09-28 23:59:59,2023-05-05,,iclr23,ICLR,,,ML,2023
,,20,2022-12-12,https://www.acml-conf.org/2022,"December 12-14, 2022",,UTC-12,,"Hyderabad, India",2022-06-23 23:59:00,2022-12-14,,acml22,ACML,,,ML,2022
2022-08-08 23:59:59,,95,2023-02-07,https://aaai.org/Conferences/AAAI-23/,"February 7 - February 14, 2023",,UTC-12,AAAI Conference on Artificial Intelligence,"Washington, DC, USA",2022-08-15 23:59:59,2023-02-14,,aaai23,AAAI,,,ML,2023
,"Paper submissions limited to ten (10) pages, in the IEEE 2-column format | <a href=""https://icdm22.cse.usf.edu/key-dates.html""> Key Dates</a> | <a href=""https://icdm22.cse.usf.edu/calls/Papers.html"">Call for Papers </a>",124.0,2022-11-30,https://icdm22.cse.usf.edu/,"November 30 - December 3, 2022",,PDT,IEEE International Conference on Data Mining (ICDM),"Orlando, Florida, USA",2022-06-10 23:59:00,2022-12-03,,icdm22,ICDM,,,DM,2022
2022-06-17 23:59:00,Hybrid format with ARR and START. More info <a href='https://2022.emnlp.org/calls/papers/Overview'>here</a>.,132,2022-12-07,https://2022.emnlp.org/,"December 7-11, 2022",,UTC-12,,"Abu Dhabi, UAE",2022-06-24 23:59:00,2022-12-11,,emnlp22,EMNLP,,,NLP,2022
,,54,2023-02-27,https://www.wsdm-conference.org/2023/,"Feb 27- March 03, 2023",,UTC-12,,Singapore,2022-08-12 23:59:00,2023-03-03,,wsdm23,WSDM,,,DM,2023
2022-03-31 23:59:59,"Mandatory abstract deadline on March 31, 2022. More info <a href='https://2022.acmmm.org/call-for-papers/'>here</a>.",58,2022-10-10,https://2022.acmmm.org/,"October 10-14, 2022",,UTC-12,,"Lisbon, Portugal",2022-04-11 23:59:59,2022-10-14,,mm22,MM,,,CV,2022
,,34,2022-11-07,https://icmi.acm.org/2022/,"November 7-11, 2022",,UTC-7,,"Bangalore, India",2022-05-13 23:59:00,2022-11-11,,icmi2022,ICMI,,,CV,2022
2022-05-12 23:59:59,"Mandatory abstract deadline on May 12, 2022",48,2022-10-17,https://www.cikm2022.org/,"October 17-22, 2022",,UTC-12,,"Atlanta, Georgia, USA",2022-05-19 23:59:59,2022-10-22,,cikm22,CIKM,,,DM,2022
,,64,2022-10-12,https://coling2022.org/,"October 12-17, 2022",,UTC-12,,"Gyeongju, Republic of Korea",2022-05-17 23:59:59,2022-10-17,,coling22,COLING,,,NLP,2022
2022-05-16 13:00:00,"Mandatory abstract deadline on May 16, 2022",245,2022-11-28,https://neurips.cc/Conferences/2022/,"November 28 - December 9, 2022",,America/Los_Angeles,,"New Orleans, Louisiana, USA; and virtual",2022-05-19 13:00:00,2022-12-09,,neurips22,NeurIPS,,,ML,2022
2022-5-13 23:59:59,"Mandatory abstract deadline on May 13, 2022. More info <a href='https://ismir2022.ismir.net/calls/cfp/'>here</a>.",32,2022-12-04,https://ismir2022.ismir.net/,"December 4-8, 2022",,UTC-12,,"Bangaluru, India",2022-05-20 23:59:59,2022-12-08,,ismir22,ISMIR,,,SP,2022
,,-1,2022-11-21,https://www.aacl2022.org/,"November 21-24, 2022",,UTC-12,,"Taipei, Taiwan",2022-07-15 23:59:00,2022-11-24,,aacl22,AACL-IJCNLP,,,NLP,2022
,,,2022-12-14,https://corl2022.org,"December 14-18, 2022",,UTC-12,,"Auckland, New Zealand, and virtual",2022-06-15 23:59:00,2022-12-18,,corl22,CoRL,,,RO,2022
,,15,2020-02-08,http://alt2020.algorithmiclearningtheory.org/,"February 8-10, 2020",,America/New_York,,"San Diego, CA, United States",2019-09-20 16:59:59,2020-02-10,,alt20,ALT,,http://algorithmiclearningtheory.org/alt2020/accepted-papers/,ML,2020
,,40,2020-03-23,https://humanrobotinteraction.org/2020/,"March 23-26, 2020",,America/Los_Angeles,,"Cambridge, UK",2019-10-01 23:59:59,2020-03-26,,hri20,HRI,,https://dl.acm.org/doi/proceedings/10.1145/3319502,RO,2020
,,33,2020-06-08,http://icmr2020.org/,"June 8-11, 2020",,Europe/London,,"Dublin, Ireland",2020-01-11 23:59:59,2020-06-11,,icmr20,ICMR,,http://icmr2020.org/ICMR2020-detailed-schedule-FINAL.pdf,CV,2020
,,48,2020-06-08,http://www.learningtheory.org/colt2020/,"June 8-12, 2020",,America/Los_Angeles,,"Graz, Austria",2020-01-31 16:00:00,2020-06-12,,colt20,COLT,,http://proceedings.mlr.press/v125/,ML,2020
,,22,2020-06-29,http://computationalcreativity.net/iccc20/,"June 29 - July 3, 2020",,UTC-12,,"Coimbra, Portugal",2020-03-08 23:59:59,2020-07-03,,iccc20,ICCC,,http://computationalcreativity.net/iccc20/papers/ICCC20_Proceedings.pdf,ML,2020
2020-04-10 23:59:59,"Mandatory abstract deadline on Apr 10, 2020. More info <a href='https://ismir.github.io/ISMIR2020/cfp/'>here</a>.",32,2020-10-12,https://ismir.github.io/ISMIR2020/,"October 12-15, 2020",,UTC-12,,"Montreal, Canada",2020-04-17 23:59:59,2020-10-15,,ismir20,ISMIR,,https://program.ismir2020.net/papers.html?filter=keywords,SP,2020
,,-1,2020-12-04,http://aacl2020.org,"December 4-7, 2020",,UTC-12,,"Suzhou, China",2020-06-26 23:59:00,2020-12-07,,aacl20,AACL-IJCNLP,https://paperswithcode.com/conference/asian-chapter-of-the-association-for,https://aclanthology.org/events/aacl-2020/,NLP,2020
,,38,2020-11-30,http://accv2020.kyoto/,"November 30 - December 4, 2020",,UTC,,Online,2020-07-08 23:59:00,2020-12-04,,accv20,ACCV,,https://accv2020.github.io/programs/papers/index.html,CV,2020
,,38,2021-01-10,https://www.micc.unifi.it/icpr2020/,"January 10-15, 2021",,UTC+1,,"Milan, Italy",2020-07-15 23:59:00,2021-01-15,,icpr20,ICPR,,https://www.micc.unifi.it/icpr2020/index.php/papers-and-authors/,ML,2020
,,34,2020-11-19,http://www.conll.org/2020,"November 19-20, 2020",,UTC-12,,Online,2020-07-17 23:59:59,2020-11-20,,conll2020,CoNLL,,https://aclanthology.org/events/conll-2020/,NLP,2020
,,29,2020-11-25,http://3dv2020.dgcv.nii.ac.jp/index.html,"November 25-28, 2020",,America/Los_Angeles,,"Fukuoka, Japan",2020-07-31 23:59:59,2020-11-28,,threedv20,3DV,,http://3dv2020.dgcv.nii.ac.jp/conferenceprogram.html,CV,2020
,,27,2020-11-19,http://www.statmt.org/wmt20/,"November 19-20, 2020",,UTC-12,,Online,2020-08-15 23:59:00,2020-11-20,,wmt20,WMT,,http://www.statmt.org/wmt20/papers.html,NLP,2020
,,36,2021-04-21,https://2021.eacl.org/,"April 21-23, 2021",,UTC-12,,"Online (Kyiv, Ukraine)",2020-10-07 23:59:00,2021-04-23,,eacl21,EACL,https://paperswithcode.com/conference/eacl-2021-2,https://aclanthology.org/events/eacl-2021/#2021-eacl-main,NLP,2021
2022-10-21 23:59:59,"Mandatory abstract deadline on Oct 21, 2022. More info <a href='https://aamas2023.soton.ac.uk/calls/call-for-papers/'>here</a>.",25,2023-05-29,https://aamas2023.soton.ac.uk/,"May 29 - June 2, 2023",,UTC-12,,"London, UK",2022-10-28 23:59:59,2023-06-02,,aamas23,AAMAS,,,ML,2023
,,33,2021-04-29,https://www.siam.org/conferences/cm/conference/sdm21,"April 29 - May 1, 2021",,UTC-5,,Online,2020-10-12 23:59:00,2021-05-01,,sdm21,SDM,,https://epubs.siam.org/doi/book/10.1137/1.9781611976700,DM,2021
,"Mandatory abstract deadline on Oct 8, 2020. More info <a href='http://www.aistats.org/aistats2021/cfp.html'>here</a>.",52,2021-04-13,https://www.aistats.org/aistats2021/,"April 13-15, 2021",,America/Los_Angeles,,"San Diego, California, USA",2020-10-15 08:00:00,2021-04-15,,aistats21,AISTATS,,http://proceedings.mlr.press/v130/,ML,2021
,,30,2021-07-05,https://2021.ieeeicme.org/,"July 5-9, 2021",,America/Los_Angeles,,"Shenzhen, China",2020-11-29 23:59:59,2021-07-09,,icme21,ICME,,https://2021.ieeeicme.org/conf_oral,CV,2021
,,60,2023-10-08,https://2023.ieeeicip.org/,"September, 19-22, 2023",,America/Los_Angeles,,"Kuala Lumpur, Malaysia",2023-02-15 23:59:59,2023-10-11,,icip23,ICIP,,,CV,2023
2021-02-10 23:59:59,"Abstract deadline on Feb 10, 2021. More info <a href='https://2021.midl.io/dates.html'>here</a>.",-1,2021-07-07,https://2021.midl.io/,"July 7-9, 2021",,UTC-12,,"Luebeck, Germany",2021-02-17 23:59:59,2021-07-09,,midl2021,MIDL,,https://2021.midl.io/program.html,CV,2021
,,33,2021-07-26,http://auai.org/uai2021/,"July 26-30, 2021",,UTC,,TBD,2021-02-19 23:59:59,2021-07-30,,uai21,UAI,,https://www.auai.org/uai2021/accepted_papers,ML,2021
,,58,2021-09-27,https://www.iros2021.org/important-dates,"September 27 - October 1, 2021",,America/Los_Angeles,,"Prague, Czech Republic",2021-03-01 23:59:59,2021-10-01,,iros21,IROS,,,RO,2021
,,47,2021-07-12,https://roboticsconference.org/2021,"July 12-16, 2021",,UTC-12,,Online,2021-03-01 23:59:59,2021-07-16,,rss21,RSS,,https://roboticsconference.org/program/papers/,RO,2021
,More info <a href='https://conferences.miccai.org/2023/'>here</a>.,78,2023-10-08,https://conferences.miccai.org/2023/en/,"October 8 - October 12, 2023",,America/Los_Angeles,,"Vancouver, Canada",2023-03-09 23:59:59,2023-10-12,,miccai2023,MICCAI,,,CV,2023
,"Supplementary deadline on Mar 15, 2023. More info <a href='http://iccv2023.thecvf.com/home'>here</a>.",239,2023-10-02,http://iccv2023.thecvf.com/,"October 2 - October 6, 2023",,UTC,,"Paris, France",2023-03-08 23:59:00,2023-10-06,,iccv2023,ICCV,,,CV,2023
2021-03-26 23:59:59,"Mandatory abstract deadline on Mar 26, 2021. More info <a href='https://2021.ecmlpkdd.org/?page_id=1599/'>here</a>.",30,2021-09-13,https://2021.ecmlpkdd.org/,"September 13-17, 2021",,UTC-12,,"Bilbao, Basque Country (Spain)",2021-04-02 23:59:59,2021-09-17,,ecmlpkdd2021,ECML-PKDD,,https://2021.ecmlpkdd.org/?page_id=1811,ML,2021
,,100,2023-08-30,http://www.interspeech2023.org/,"August 20 - August 24, 2023",,UTC-12,,"Dublin, Ireland",2023-03-01 23:59:59,2023-09-03,,interspeech23,InterSpeech,,,SP,2023
,"the 2nd round submission deadline is July 15, 2021.",-1,2021-12-15,http://iab-rubric.org/fg2021/,"December 15-18, 2021",,America/Los_Angeles,,"Jodhpur, India",2021-04-15 23:59:00,2021-12-18,,fg2021,FG,,,CV,2021
2022-04-26 23:59:59,"<b>NOTE</b>: Mandatory abstract deadline on April 26, 2022. More info <a href='https://recsys.acm.org/recsys22/call/'>here</a>.",45,,https://recsys.acm.org/recsys22/,"September 18 - September 23, 2022",,UTC-12,,"Seattle, Washington, USA",2022-05-03 23:59:59,,,recsys22,RecSys,,,DM,2022
2021-05-10 23:59:00,,112,2021-11-07,https://2021.emnlp.org/,"November 7-11, 2021",,UTC-12,,"Punta Cana, Dominican Republic",2021-05-17 23:59:00,2021-11-11,,emnlp21,EMNLP,,,NLP,2021
2021-05-19 23:59:59,,48,2021-11-01,https://cikm2021.org/,"November 1-5, 2021",,UTC-12,,"Gold Coast, Queensland, Australia",2021-05-26 23:59:59,2021-11-05,,cikm21,CIKM,,,DM,2021
2021-05-21 13:00:00,"Mandatory abstract deadline on May 21, 2021",198,2021-12-05,https://neurips.cc/Conferences/2021/,"December 5-14, 2021",,America/Los_Angeles,,Online,2021-05-28 13:00:00,2021-12-14,,neurips21,NeurIPS,https://paperswithcode.com/conference/neurips-2021-12,https://proceedings.neurips.cc/paper/2021,ML,2021
,Second round submission deadline on Aug. 29th 2022,54,2023-01-03,http://wacv2023.thecvf.com/,"January 3-7, 2023",,America/Los_Angeles,,"Waikoloa, Hawaii, USA",2022-07-13 11:59:59,2023-01-07,,wacv23,WACV,,,CV,2023
,,-1,2021-12-07,https://icdm2021.auckland.ac.nz,"December 7-10, 2021",,America/Los_Angeles,,"Auckland, New Zealand",2021-06-11 23:59:59,2021-12-10,,icdm21,ICDM,,,DM,2021
,,,2021-11-08,http://www.robot-learning.org,"November 8-11, 2021",,UTC-7,,"London, UK, and virtual",2021-06-18 23:59:00,2021-11-11,,corl21,CoRL,,,RO,2021
,,,2021-10-04,https://www.akbc.ws/2021/,"October 4-7, 2021",,UTC-12,,"Irvine, United States",2021-06-21 23:59:59,2021-10-07,,akbc21,AKBC,,https://openreview.net/group?id=AKBC.ws/2021/Conference#all-submissions,NLP,2021
,"Workshop Submission Deadline on May 5th, 2023",75,2023-11-20,https://www.bmvc2023.org,"November 20-24, 2023",,UTC,,"Aberdeen, UK",2023-05-12 23:59:59,2023-11-24,,bmvc23,BMVC,,,CV,2023
,,17,2021-11-17,http://www.acml-conf.org/2021,"November 17-19, 2021",,UTC-7,,Online,2021-06-25 23:59:00,2021-11-19,,acml21,ACML,,,ML,2021
,,54,2022-02-21,https://www.wsdm-conference.org/2022/,"February 21-25, 2022",,UTC-12,,"Phoenix, Arizona, USA",2021-08-09 23:59:59,2022-02-25,,wsdm22,WSDM,,,DM,2022
2021-08-30 23:59:59,"Mandatory abstract deadline on August 30, 2021",95,2022-02-22,https://aaai.org/Conferences/AAAI-22/,"February 22 - March 1, 2022",,UTC-12,,"Vancouver, Canada",2021-09-08 23:59:59,2022-03-01,,aaai22,AAAI,,,ML,2022
,,94,2023-05-29,https://www.icra2023.org/,"May 29- June 2, 2023",,America/Los_Angeles,,"ExCeL London, UK",2022-09-15 23:59:59,2023-06-02,,icra23,ICRA,,,RO,2023
2021-09-28 17:00:00,"Mandatory abstract deadline on September 28, 2021. More info <a href='https://iclr.cc/Conferences/2022/CallForPapers'>here</a>.",203,2022-04-25,https://iclr.cc/Conferences/2022,"April 25-29, 2022",,UTC-7,,Online,2021-10-05 17:00:00,2022-04-29,,iclr22,ICLR,,,ML,2022
,,110,2023-06-04,https://2023.ieeeicassp.org/,"June 4-9, 2023",,UTC-12,,"Rhodes Island, Greece",2022-10-26 23:59:59,2023-06-09,,icassp23,ICASSP,,,SP,2023
,"Mandatory abstract deadline on Oct 8, 2021. More info <a href='http://www.aistats.org/aistats2022/cfp.html'>here</a>.",57,2022-03-30,https://www.aistats.org/aistats2022/,"March 30 - April 1, 2022",,UTC,,"Valencia, Spain",2021-10-15 11:59:00,2022-04-01,,aistats22,AISTATS,,,ML,2022
2022-10-06 23:59:59,"Mandatory abstract deadline on October 6, 2022",70,2022-04-30,https://www2023.thewebconf.org/,"April 30 - May 4, 2022",,UTC-12,,"Texas, USA",2022-10-13 23:59:59,2022-05-04,,www23,WWW,,,DM,2023
,,157,2022-05-22,https://2022.aclweb.org/,"May 22-27, 2022",,UTC-12,,"Dublin, Ireland",2021-11-15 23:59:59,2022-05-27,,acl22,ACL,,,NLP,2022
,,389,2022-06-17,http://cvpr2023.thecvf.com/,"June 17-23, 2023",,America/Los_Angeles,,"Vancouver, Canada",2022-11-11 23:59:59,2022-06-23,,cvpr23,CVPR,,,CV,2023
,,,2022-06-23,https://l4dc.stanford.edu/,"June 23-24, 2022",,UTC-5,,"Stanford University, CA, USA",2021-12-07 17:00:00,2022-06-24,,l4dc22,L4DC,,,ML,2022
2021-12-10 23:59:59,"Mandatory abstract deadline on Dec 10, 2021. More info <a href='http://icaps22.icaps-conference.org/'>here</a>.",27,2022-06-19,http://icaps22.icaps-conference.org/,"June 19-24, 2022",,UTC-12,,"Singapore Management University, Singapore",2021-12-15 23:59:59,2022-06-24,,icaps22,ICAPS,,,ML,2022
,,38,2022-06-20,http://elra.info/en/lrec/lrec-2022/,"June 20-25, 2022",,Europe/Paris,,"Marseille, France",2022-01-10 23:59:59,2022-06-25,,lrec22,LREC,,,NLP,2022
2022-01-07 23:59:59,,105,2022-07-23,https://ijcai-22.org/,"July 23-29, 2022",,UTC+1,International Joint Conference on Artificial Intelligence and European Conference on Artificial Intelligence,"Vienna, Austria",2022-01-14 23:59:59,2022-07-29,,ijcai22,IJCAI-ECAI,,,ML,2022
2021-12-15 23:59:00,"Mandatory abstract deadline on Dec 14, 2021. More info <a href='https://facctconference.org/2022/cfp.html'>here</a>.",44,2022-06-21,https://facctconference.org/2022/,"June 21-24, 2022",,UTC-12,,"Seoul, South Korea",2022-01-14 23:59:00,2022-06-24,,facct22,FAccT,,,ML,2022
,,-1,2023-06-22,https://www.chilconference.org/,"June 22-24, 2023",,UTC-12,,"Cambridge, Massachusetts, USA",2023-02-03 23:59:59,2023-06-24,,chil23,CHIL,,https://proceedings.mlr.press/v174/,ML,2023
,,105,2022-07-10,https://2022.naacl.org/,"July 10-15, 2022",,UTC-12,,"Seattle, Washington, USA",2022-01-15 23:59:00,2022-07-15,,naacl22,NAACL,,,NLP,2022
,,,2022-06-06,https://www.icwsm.org/2022/index.html/,"June 6-9, 2022",,UTC-12,,"Atlanta, Georgia AND Online",2022-01-15 23:59:59,2022-06-09,,icwsm22,ICWSM,,,DM,2022
2022-01-20 23:59:00,"Mandatory abstract deadline on Jan 20, 2022. More info <a href='https://icml.cc/Conferences/2022/'>here</a>.",204,2022-07-17,https://icml.cc/Conferences/2022,"July 17-23, 2022",,UTC-12,,"Baltimore, Maryland USA",2022-01-27 23:59:00,2022-07-23,,icml22,ICML,,,ML,2022
2022-01-21 23:59:00,"Mandatory abstract deadline on January 21, 2022. More info <a href='https://sigir.org/sigir2022/call-for-papers/'>here</a>.",66,2022-07-11,https://sigir.org/sigir2022/,"July 11-15, 2022",,UTC-12,,"Madrid, Spain",2022-01-28 23:59:00,2022-07-15,,sigir22,SIGIR,,,DM,2022
,,50,2022-06-27,https://roboticsconference.org/2022,"June 27 - July 1, 2022",,UTC-12,,"New York City, USA",2022-01-28 23:59:59,2022-07-01,,rss22,RSS,,,RO,2022
,,114,2023-08-06,https://kdd.org/kdd2023/,"August 6-10, 2023",,UTC-12,,"Long Beach, California, USA",2023-02-02 23:59:59,2023-08-10,,kdd23,KDD,,,DM,2023
,,,2022-10-16,https://2022.ieeeicip.org,"October, 16-19, 2022",,UTC,,"Bordeaux, France",2022-02-25 23:59:59,2022-10-19,,icip22,ICIP,,,CV,2022
,,,2022-08-01,https://www.auai.org/uai2022/,"August 1-5, 2022",,UTC,,"Eindhoven, The Netherlands",2022-02-25 23:59:59,2022-08-05,,uai22,UAI,,,ML,2022
,,73,2022-10-23,https://iros2022.org/,"October 23-27, 2022",,America/Los_Angeles,,"Kyoto, Japan",2022-03-01 23:59:59,2022-10-27,,iros22,IROS,,,RO,2022
2022-02-24 23:59:00,Conference replacing the AutoML workshops @ ICML as they were extremely successful. First edition.,0,2022-07-25,https://automl.cc/,"July 25-27, 2022",,UTC-12,,"Baltimore, US",2022-03-03 23:59:00,2022-07-27,,automl-conf22,AutoML-Conf,,,ML,2022
2022-03-01 23:59:59,,,2022-08-29,https://lifelong-ml.cc,"August 29-31, 2022",,UTC-12,,Online,2022-03-04 23:59:59,2022-08-31,,collas22,CoLLAs,,,ML,2022
,,197,2022-10-24,https://eccv2022.ecva.net/,"October 24-28, 2022",,CET,,"Tel Aviv, Israel",2022-03-07 21:59:00,2022-10-28,,eccv22,ECCV,,,CV,2022
,"Workshop and Tutorial deadline on February 7, 2022",29,2022-08-29,http://www.ro-man2022.org/,"August 29 - September 2, 2022",,UTC+1,,"Naples, Italy",2022-03-15 23:59:59,2022-09-02,,ro-man22,RO-MAN,,,RO,2022
,,100,2022-09-18,http://www.interspeech2022.org/,"September, 18-22, 2022",,Asia/Seoul,,"Incheon, South Korea",2022-03-21 23:59:59,2022-09-22,,interspeech22,InterSpeech,,,SP,2022
2022-03-30 23:59:59,Check the conference website for workshop and demo deadlines,,2022-09-19,https://2022.ecmlpkdd.org/,"September, 19-23, 2022",,UTC-12,European Conference on Machine Learning and Principles and Practice of Knowledge Discovery in Databases,"Grenoble, France",2022-04-06 23:59:59,2022-09-23,,ecmlpkdd22,ECML/PKDD,,,SP,2022
,<b>NOTE</b>: Industry Session Deadline: 16 June 2022,9,,https://ismis2022.icar.cnr.it/,"October, 03-05, 2022",,UTC-12,,"Cosenza, Italy",2022-06-16 23:59:59,,,ismis22,ISMIS,,,DM,2022
2022-05-19 23:59,,,,https://sa2022.siggraph.org/,"December, 6-9, 2022",,UTC-12,SIGGRAPH ASIA 2022,"Daegu, South Korea",2022-05-20 23:59,,,siggraphasia22,SIGGRAPH Asia,,,CG,2022
2022-11-01 23:59,part of evostar 2023,12,2023-04-12,https://www.evostar.org/2023/evomusart/,"April, 12-14, 2023",,UTC-12,"12th International Conference on Artificial Intelligence in Music, Sound, Art and Design","Brno, Czech Republic",2022-11-01 23:59,2023-04-14,,evomusart23,evoMUSART,,https://evomusart-index.dei.uc.pt/,CG,2023
2022-09-09 23:59,This is the inaugural event of a conference dedicated to Graph Machine Learning,,2022-12-09,https://logconference.org/,"December, 09-12, 2022",,UTC-12,Learning on Graphs Conference,Online,2022-09-16 23:59,2022-12-12,,log22,LOG,,,ML,2022
2022-10-15 00:00,"The workshop is a collaboration between NASSMA organisation, Deepmind and UM6P. NASSMA is an NGO working toward the promotion of STEM and AI education and research in MENA region.",,2022-12-12,ai4science.nassma.ai,"December, 12-16, 2022",,GMT,"AI for science, NASSMA workshop","Rabat, Morocco",2022-10-15 00:00,2022-12-16,,AI4science22,AI4science NASSMA 2022,,,ML,2022
2022-01-25 22:00:00,"Mandatory abstract deadline on Jan 24, 2022. More info <a href='https://s2023.siggraph.org/program/technical-papers/'>here</a>.",,2023-08-06,https://s2023.siggraph.org/,"August 6-10, 2022",,GMT,,"Los Angeles, USA",2023-01-24 22:00:00,2023-08-10,,siggraph23,SIGGRAPH,,,CG,2023
2023-07-01 23:59:00,,,2023-12-01,https://www.cloud-conf.net/icdm2023/,"December 1-4, 2023",,GMT+8,,"Shanghai, China",2023-07-01 23:59:00,2023-12-04,,icdm23,ICDM,,,DM,2023
2023-03-26 23:59:59,Check the conference website for workshop and demo deadlines,,2023-09-18,https://2023.ecmlpkdd.org/,"September, 18-22, 2023",,UTC-12,European Conference on Machine Learning and Principles and Practice of Knowledge Discovery in Databases,"Torino, Italy",2023-04-02 23:59:59,2023-09-22,,ecmlpkdd23,ECML/PKDD,,,SP,2023
2023-05-02 23:59:59,Check the conference website for workshop and demo deadlines,,2023-11-06,https://iswc2023.semanticweb.org/,"November, 06-10, 2023",,UTC-12,International Semantic Web Conference,"Athens, Greece",2023-05-09 23:59:59,2023-11-10,,iswc23,ISWC,,,KR,2023
2023-05-26 23:59:59,Check the conference website for workshop and demo deadlines,,2023-10-23,https://cikm2023.github.io/,"October, 23-25, 2023",,UTC-12,International Conference on Information and Knowledge Managements,"Birmingham, UK",2023-06-02 23:59:59,2023-10-25,,cikm23,CIKM,,,KR,2023
,"Explore cutting-edge AI topics like ChatGPT, AutoGPT, DALL-E, Midjourney and more at AI World Barcelona — the world's largest generative AI conference.",,2023-09-07,https://ai-world-barcelona.com,"September, 7-8, 2023",,GMT+2,AI World Barcelona - Generative AI Conference,"Barcelona, Spain",2023-06-07 23:59:59,2023-09-08,,aiworldbarcelona23,AI World Barcelona,,,NLP,2023
,Check the conference website for workshop and demo deadlines.,,2024-11-25,https://specom2024.ftn.uns.ac.rs,"November, 25-28, 2024",,GMT+1,International Conference on Speech and Computer,"Belgrade, Serbia",2024-07-01 23:59:59,2024-11-28,,specom24,SPECOM,,,SP,2024
,Check the conference website for paper review available and notification of acceptance date.,,2024-08-07,https://sites.google.com/view/mipr2024,"August, 07-09, 2024",,UTC-7,International Conference on Multimedia Information Processing and Retrieval,"San Jose, USA",2024-04-15 23:59:59,2024-08-09,,mipr24,MIPR,,,ML,2024
,"Check the conference website for details the Challenge Track, Industry Statements and Demo Track, and Late Breaking Arxiv Track.",,2024-07-15,https://2024.aiwareconf.org/#,"July, 15-16, 2024",,UTC-3,ACM International Conference on AIware,"Porto de Galinhas, Brazil",2024-03-29 23:59:59,2024-07-16,,aiware24,AIware,,,ML,2024
2024-02-26 23:59:59,"Check the conference website for tutorials, contributions to the journal track and workshop deadlines",,2024-09-09,https://2024.automl.cc/,"September, 09-12, 2024",,UTC-12,International Conference on Automated Machine Learning,"Paris, France",2024-02-29 23:59:59,2024-09-12,,automl24,AutoML,,,ML,2024
,,47,2025-03-25,https://3dvconf.github.io/2025/,"March, 25-28, 2025",,UTC-0,International Conference on 3D Vision,Singapore,2024-08-12 23:59:59,2025-03-28,,3dv25,3DV,,,CV,2025
